month,day_ratio,night_ratio
1,0.4574123,0.54258764
2,0.44108668,0.55891335
3,0.47171435,0.5282857
4,0.4587323,0.5412677
5,0.43202317,0.5679769
6,0.42127928,0.57872075
7,0.4519203,0.54807967
8,0.43080047,0.56919956
9,0.41821265,0.5817874
10,0.45804667,0.5419533
11,0.44649318,0.5535068
12,0.47405878,0.5259412
