layer_ID,sand,clay,silt,rho_b,OM,topsoil
L_01,27.59,6.46,65.95,1.182799,2.5,1
L_02,27.59,6.46,65.95,1.182799,2.5,1
L_03,27.59,6.46,65.95,1.182799,2.5,1
L_04,27.59,6.46,65.95,1.182799,2.5,1
